Name,side 1,side 2,side 3,side 4,side 5 ,side 6,MU wins,MU draws,MU losses,MU win %,MU draw %,MU loss %,total win %,total draws %,total loss %
4/4/4/3/3/3,4,4,4,3,3,3,247,47,37,0.7462,0.142,0.1118,0.5614,0.0992,0.3394
4/4/4/4/3/2,4,4,4,4,3,2,258,26,47,0.7795,0.0785,0.142,0.5572,0.0996,0.3432
4/4/4/4/4/1,4,4,4,4,4,1,264,14,53,0.7976,0.0423,0.1601,0.5477,0.101,0.3514
5/4/3/3/3/3,5,4,3,3,3,3,269,16,46,0.8127,0.0483,0.139,0.5576,0.0999,0.3426
5/4/4/3/3/2,5,4,4,3,3,2,264,29,38,0.7976,0.0876,0.1148,0.5533,0.1003,0.3464
5/4/4/4/2/2,5,4,4,4,2,2,274,17,40,0.8278,0.0514,0.1208,0.549,0.1007,0.3503
5/4/4/4/3/1,5,4,4,4,3,1,266,20,45,0.8036,0.0604,0.136,0.5438,0.1016,0.3546
5/4/4/4/4/0,5,4,4,4,4,0,269,6,56,0.8127,0.0181,0.1692,0.5286,0.1035,0.3679
5/5/3/3/3/2,5,5,3,3,3,2,266,17,48,0.8036,0.0514,0.145,0.5494,0.101,0.3496
5/5/4/3/2/2,5,5,4,3,2,2,263,34,34,0.7946,0.1027,0.1027,0.5451,0.1014,0.3535
5/5/4/3/3/1,5,5,4,3,3,1,273,20,38,0.8248,0.0604,0.1148,0.5399,0.1023,0.3578
5/5/4/4/2/1,5,5,4,4,2,1,274,20,37,0.8278,0.0604,0.1118,0.5357,0.1027,0.3616
5/5/4/4/3/0,5,5,4,4,3,0,269,12,50,0.8127,0.0363,0.1511,0.5248,0.1041,0.3711
5/5/5/2/2/2,5,5,5,2,2,2,246,61,24,0.7432,0.1843,0.0725,0.537,0.1025,0.3605
5/5/5/3/2/1,5,5,5,3,2,1,275,24,32,0.8308,0.0725,0.0967,0.5318,0.1034,0.3648
5/5/5/3/3/0,5,5,5,3,3,0,273,20,38,0.8248,0.0604,0.1148,0.5209,0.1048,0.3743
5/5/5/4/1/1,5,5,5,4,1,1,266,22,43,0.8036,0.0665,0.1299,0.5223,0.1047,0.3729
5/5/5/4/2/0,5,5,5,4,2,0,272,19,40,0.8218,0.0574,0.1208,0.5166,0.1052,0.3781
5/5/5/5/1/0,5,5,5,5,1,0,249,23,59,0.7523,0.0695,0.1782,0.5033,0.1073,0.3895
6/3/3/3/3/3,6,3,3,3,3,3,266,8,57,0.8036,0.0242,0.1722,0.5505,0.1011,0.3484
6/4/3/3/3/2,6,4,3,3,3,2,266,18,47,0.8036,0.0544,0.142,0.5462,0.1015,0.3522
6/4/4/3/2/2,6,4,4,3,2,2,269,17,45,0.8127,0.0514,0.136,0.542,0.102,0.3561
6/4/4/3/3/1,6,4,4,3,3,1,266,30,35,0.8036,0.0906,0.1057,0.5368,0.1029,0.3604
6/4/4/4/2/1,6,4,4,4,2,1,272,23,36,0.8218,0.0695,0.1088,0.5325,0.1033,0.3642
6/4/4/4/3/0,6,4,4,4,3,0,259,17,55,0.7825,0.0514,0.1662,0.5216,0.1047,0.3737
6/5/3/3/2/2,6,5,3,3,2,2,262,22,47,0.7915,0.0665,0.142,0.5381,0.1026,0.3593
6/5/3/3/3/1,6,5,3,3,3,1,269,21,41,0.8127,0.0634,0.1239,0.5329,0.1036,0.3635
6/5/4/2/2/2,6,5,4,2,2,2,260,28,43,0.7855,0.0846,0.1299,0.5338,0.1031,0.3631
6/5/4/3/2/1,6,5,4,3,2,1,260,48,23,0.7855,0.145,0.0695,0.5286,0.104,0.3674
6/5/4/3/3/0,6,5,4,3,3,0,265,23,43,0.8006,0.0695,0.1299,0.5177,0.1054,0.3769
6/5/4/4/1/1,6,5,4,4,1,1,267,26,38,0.8066,0.0785,0.1148,0.5191,0.1053,0.3755
6/5/4/4/2/0,6,5,4,4,2,0,274,21,36,0.8278,0.0634,0.1088,0.5134,0.1058,0.3807
6/5/5/2/2/1,6,5,5,2,2,1,259,34,38,0.7825,0.1027,0.1148,0.5205,0.1051,0.3745
6/5/5/3/1/1,6,5,5,3,1,1,269,31,31,0.8127,0.0937,0.0937,0.5153,0.106,0.3787
6/5/5/3/2/0,6,5,5,3,2,0,276,24,31,0.8338,0.0725,0.0937,0.5096,0.1065,0.3839
6/5/5/4/1/0,6,5,5,4,1,0,253,27,51,0.7644,0.0816,0.1541,0.5001,0.1078,0.3921
6/5/5/5/0/0,6,5,5,5,0,0,224,26,81,0.6767,0.0785,0.2447,0.481,0.1104,0.4086
6/6/3/2/2/2,6,6,3,2,2,2,257,20,54,0.7764,0.0604,0.1631,0.5268,0.1043,0.3689
6/6/3/3/2/1,6,6,3,3,2,1,261,27,43,0.7885,0.0816,0.1299,0.5216,0.1052,0.3732
6/6/3/3/3/0,6,6,3,3,3,0,258,30,43,0.7795,0.0906,0.1299,0.5107,0.1067,0.3827
6/6/4/2/2/1,6,6,4,2,2,1,254,34,43,0.7674,0.1027,0.1299,0.5173,0.1057,0.3771
6/6/4/3/1/1,6,6,4,3,1,1,255,52,24,0.7704,0.1571,0.0725,0.5121,0.1066,0.3813
6/6/4/3/2/0,6,6,4,3,2,0,267,39,25,0.8066,0.1178,0.0755,0.5064,0.1071,0.3865
6/6/4/4/1/0,6,6,4,4,1,0,252,40,39,0.7613,0.1208,0.1178,0.4969,0.1084,0.3947
6/6/5/2/1/1,6,6,5,2,1,1,242,35,54,0.7311,0.1057,0.1631,0.5039,0.1077,0.3884
6/6/5/2/2/0,6,6,5,2,2,0,252,33,46,0.7613,0.0997,0.139,0.4982,0.1082,0.3936
6/6/5/3/1/0,6,6,5,3,1,0,256,33,42,0.7734,0.0997,0.1269,0.493,0.1091,0.3979
6/6/5/4/0/0,6,6,5,4,0,0,223,37,71,0.6737,0.1118,0.2145,0.4778,0.1109,0.4112
6/6/6/1/1/1,6,6,6,1,1,1,186,86,59,0.5619,0.2598,0.1782,0.4874,0.1103,0.4023
6/6/6/2/1/0,6,6,6,2,1,0,219,37,75,0.6616,0.1118,0.2266,0.4817,0.1108,0.4075
6/6/6/3/0/0,6,6,6,3,0,0,217,43,71,0.6556,0.1299,0.2145,0.4708,0.1122,0.417
7/3/3/3/3/2,7,3,3,3,3,2,261,7,63,0.7885,0.0211,0.1903,0.5366,0.1035,0.3599
7/4/3/3/2/2,7,4,3,3,2,2,258,14,59,0.7795,0.0423,0.1782,0.5323,0.1039,0.3638
7/4/3/3/3/1,7,4,3,3,3,1,267,15,49,0.8066,0.0453,0.148,0.5271,0.1048,0.3681
7/4/4/2/2/2,7,4,4,2,2,2,254,22,55,0.7674,0.0665,0.1662,0.528,0.1043,0.3677
7/4/4/3/2/1,7,4,4,3,2,1,266,18,47,0.8036,0.0544,0.142,0.5228,0.1052,0.3719
7/4/4/3/3/0,7,4,4,3,3,0,247,37,47,0.7462,0.1118,0.142,0.5119,0.1067,0.3814
7/4/4/4/1/1,7,4,4,4,1,1,258,29,44,0.7795,0.0876,0.1329,0.5133,0.1066,0.3801
7/4/4/4/2/0,7,4,4,4,2,0,258,26,47,0.7795,0.0785,0.142,0.5076,0.1071,0.3853
7/5/3/2/2/2,7,5,3,2,2,2,249,22,60,0.7523,0.0665,0.1813,0.5242,0.105,0.3708
7/5/3/3/2/1,7,5,3,3,2,1,253,24,54,0.7644,0.0725,0.1631,0.519,0.1059,0.3751
7/5/3/3/3/0,7,5,3,3,3,0,254,30,47,0.7674,0.0906,0.142,0.5081,0.1073,0.3846
7/5/4/2/2/1,7,5,4,2,2,1,251,26,54,0.7583,0.0785,0.1631,0.5147,0.1063,0.379
7/5/4/3/1/1,7,5,4,3,1,1,252,39,40,0.7613,0.1178,0.1208,0.5095,0.1073,0.3833
7/5/4/3/2/0,7,5,4,3,2,0,252,49,30,0.7613,0.148,0.0906,0.5038,0.1078,0.3885
7/5/4/4/1/0,7,5,4,4,1,0,247,35,49,0.7462,0.1057,0.148,0.4943,0.1091,0.3966
7/5/5/2/1/1,7,5,5,2,1,1,242,30,59,0.7311,0.0906,0.1782,0.5013,0.1083,0.3903
7/5/5/2/2/0,7,5,5,2,2,0,242,50,39,0.7311,0.1511,0.1178,0.4956,0.1088,0.3955
7/5/5/3/1/0,7,5,5,3,1,0,245,51,35,0.7402,0.1541,0.1057,0.4904,0.1098,0.3998
7/5/5/4/0/0,7,5,5,4,0,0,210,44,77,0.6344,0.1329,0.2326,0.4752,0.1116,0.4131
7/6/2/2/2/2,7,6,2,2,2,2,227,42,62,0.6858,0.1269,0.1873,0.5128,0.1067,0.3805
7/6/3/2/2/1,7,6,3,2,2,1,241,28,62,0.7281,0.0846,0.1873,0.5076,0.1076,0.3848
7/6/3/3/1/1,7,6,3,3,1,1,235,46,50,0.71,0.139,0.1511,0.5024,0.1085,0.3891
7/6/3/3/2/0,7,6,3,3,2,0,247,30,54,0.7462,0.0906,0.1631,0.4967,0.109,0.3943
7/6/4/2/1/1,7,6,4,2,1,1,232,31,68,0.7009,0.0937,0.2054,0.4982,0.1089,0.3929
7/6/4/2/2/0,7,6,4,2,2,0,234,51,46,0.7069,0.1541,0.139,0.4924,0.1094,0.3981
7/6/4/3/1/0,7,6,4,3,1,0,226,71,34,0.6828,0.2145,0.1027,0.4872,0.1104,0.4024
7/6/4/4/0/0,7,6,4,4,0,0,206,51,74,0.6224,0.1541,0.2236,0.4721,0.1122,0.4157
7/6/5/1/1/1,7,6,5,1,1,1,204,47,80,0.6163,0.142,0.2417,0.4848,0.1109,0.4042
7/6/5/2/1/0,7,6,5,2,1,0,211,51,69,0.6375,0.1541,0.2085,0.4791,0.1114,0.4094
7/6/5/3/0/0,7,6,5,3,0,0,214,47,70,0.6465,0.142,0.2115,0.4682,0.1129,0.4189
7/6/6/1/1/0,7,6,6,1,1,0,173,44,114,0.5227,0.1329,0.3444,0.4626,0.114,0.4234
7/6/6/2/0/0,7,6,6,2,0,0,169,51,111,0.5106,0.1541,0.3353,0.4569,0.1146,0.4286
7/7/2/2/2/1,7,7,2,2,2,1,218,22,91,0.6586,0.0665,0.2749,0.4937,0.1099,0.3964
7/7/3/2/1/1,7,7,3,2,1,1,215,27,89,0.6495,0.0816,0.2689,0.4885,0.1109,0.4006
7/7/3/2/2/0,7,7,3,2,2,0,221,30,80,0.6677,0.0906,0.2417,0.4828,0.1114,0.4058
7/7/3/3/1/0,7,7,3,3,1,0,209,45,77,0.6314,0.136,0.2326,0.4776,0.1123,0.4101
7/7/4/1/1/1,7,7,4,1,1,1,195,35,101,0.5891,0.1057,0.3051,0.479,0.1122,0.4088
7/7/4/2/1/0,7,7,4,2,1,0,191,45,95,0.577,0.136,0.287,0.4733,0.1127,0.414
7/7/4/3/0/0,7,7,4,3,0,0,175,72,84,0.5287,0.2175,0.2538,0.4624,0.1141,0.4235
7/7/5/1/1/0,7,7,5,1,1,0,170,36,125,0.5136,0.1088,0.3776,0.46,0.1147,0.4253
7/7/5/2/0/0,7,7,5,2,0,0,151,67,113,0.4562,0.2024,0.3414,0.4543,0.1152,0.4305
7/7/6/1/0/0,7,7,6,1,0,0,124,46,161,0.3746,0.139,0.4864,0.4377,0.1178,0.4444
7/7/7/0/0/0,7,7,7,0,0,0,52,102,177,0.1571,0.3082,0.5347,0.4129,0.1216,0.4655
8/3/3/3/2/2,8,3,3,3,2,2,242,14,75,0.7311,0.0423,0.2266,0.5207,0.1062,0.3731
8/3/3/3/3/1,8,3,3,3,3,1,250,17,64,0.7553,0.0514,0.1934,0.5155,0.1071,0.3774
8/4/3/2/2/2,8,4,3,2,2,2,236,18,77,0.713,0.0544,0.2326,0.5164,0.1066,0.377
8/4/3/3/2/1,8,4,3,3,2,1,244,19,68,0.7372,0.0574,0.2054,0.5112,0.1075,0.3813
8/4/3/3/3/0,8,4,3,3,3,0,244,24,63,0.7372,0.0725,0.1903,0.5003,0.1089,0.3907
8/4/4/2/2/1,8,4,4,2,2,1,233,27,71,0.7039,0.0816,0.2145,0.507,0.1079,0.3851
8/4/4/3/1/1,8,4,4,3,1,1,238,27,66,0.719,0.0816,0.1994,0.5018,0.1088,0.3894
8/4/4/3/2/0,8,4,4,3,2,0,243,24,64,0.7341,0.0725,0.1934,0.4961,0.1093,0.3946
8/4/4/4/1/0,8,4,4,4,1,0,233,35,63,0.7039,0.1057,0.1903,0.4866,0.1107,0.4027
8/5/2/2/2/2,8,5,2,2,2,2,216,41,74,0.6526,0.1239,0.2236,0.5083,0.1077,0.384
8/5/3/2/2/1,8,5,3,2,2,1,222,37,72,0.6707,0.1118,0.2175,0.5031,0.1086,0.3883
8/5/3/3/1/1,8,5,3,3,1,1,225,34,72,0.6798,0.1027,0.2175,0.4979,0.1095,0.3926
8/5/3/3/2/0,8,5,3,3,2,0,239,22,70,0.7221,0.0665,0.2115,0.4922,0.11,0.3978
8/5/4/2/1/1,8,5,4,2,1,1,220,27,84,0.6647,0.0816,0.2538,0.4936,0.1099,0.3964
8/5/4/2/2/0,8,5,4,2,2,0,224,38,69,0.6767,0.1148,0.2085,0.4879,0.1104,0.4016
8/5/4/3/1/0,8,5,4,3,1,0,222,44,65,0.6707,0.1329,0.1964,0.4827,0.1114,0.4059
8/5/4/4/0/0,8,5,4,4,0,0,198,45,88,0.5982,0.136,0.2659,0.4675,0.1132,0.4193
8/5/5/1/1/1,8,5,5,1,1,1,199,38,94,0.6012,0.1148,0.284,0.4803,0.112,0.4078
8/5/5/2/1/0,8,5,5,2,1,0,198,49,84,0.5982,0.148,0.2538,0.4746,0.1125,0.413
8/5/5/3/0/0,8,5,5,3,0,0,187,64,80,0.565,0.1934,0.2417,0.4637,0.1139,0.4225
8/6/2/2/2/1,8,6,2,2,2,1,216,24,91,0.6526,0.0725,0.2749,0.4918,0.1103,0.398
8/6/3/2/1/1,8,6,3,2,1,1,214,23,94,0.6465,0.0695,0.284,0.4866,0.1112,0.4022
8/6/3/2/2/0,8,6,3,2,2,0,216,27,88,0.6526,0.0816,0.2659,0.4809,0.1117,0.4074
8/6/3/3/1/0,8,6,3,3,1,0,205,44,82,0.6193,0.1329,0.2477,0.4757,0.1126,0.4117
8/6/4/1/1/1,8,6,4,1,1,1,189,36,106,0.571,0.1088,0.3202,0.4771,0.1125,0.4104
8/6/4/2/1/0,8,6,4,2,1,0,187,40,104,0.565,0.1208,0.3142,0.4714,0.113,0.4156
8/6/4/3/0/0,8,6,4,3,0,0,164,70,97,0.4955,0.2115,0.2931,0.4605,0.1145,0.4251
8/6/5/1/1/0,8,6,5,1,1,0,164,36,131,0.4955,0.1088,0.3958,0.458,0.1151,0.4269
8/6/5/2/0/0,8,6,5,2,0,0,140,59,132,0.423,0.1782,0.3988,0.4523,0.1156,0.4321
8/6/6/1/0/0,8,6,6,1,0,0,116,44,171,0.3505,0.1329,0.5166,0.4358,0.1182,0.446
8/7/2/2/1/1,8,7,2,2,1,1,190,30,111,0.574,0.0906,0.3353,0.4726,0.1135,0.4138
8/7/2/2/2/0,8,7,2,2,2,0,193,28,110,0.5831,0.0846,0.3323,0.4669,0.114,0.419
8/7/3/1/1/1,8,7,3,1,1,1,182,22,127,0.5498,0.0665,0.3837,0.4674,0.1145,0.4181
8/7/3/2/1/0,8,7,3,2,1,0,174,43,114,0.5257,0.1299,0.3444,0.4617,0.115,0.4233
8/7/3/3/0/0,8,7,3,3,0,0,140,68,123,0.423,0.2054,0.3716,0.4508,0.1164,0.4328
8/7/4/1/1/0,8,7,4,1,1,0,149,31,151,0.4502,0.0937,0.4562,0.4522,0.1163,0.4314
8/7/4/2/0/0,8,7,4,2,0,0,118,51,162,0.3565,0.1541,0.4894,0.4465,0.1168,0.4366
8/7/5/1/0/0,8,7,5,1,0,0,112,35,184,0.3384,0.1057,0.5559,0.4332,0.1188,0.448
8/7/6/0/0/0,8,7,6,0,0,0,54,66,211,0.1631,0.1994,0.6375,0.411,0.1219,0.4671
8/8/2/1/1/1,8,8,2,1,1,1,168,18,145,0.5076,0.0544,0.4381,0.4516,0.1172,0.4313
8/8/2/2/1/0,8,8,2,2,1,0,153,38,140,0.4622,0.1148,0.423,0.4459,0.1177,0.4365
8/8/3/1/1/0,8,8,3,1,1,0,134,29,168,0.4048,0.0876,0.5076,0.4407,0.1186,0.4408
8/8/3/2/0/0,8,8,3,2,0,0,112,47,172,0.3384,0.142,0.5196,0.435,0.1191,0.446
8/8/4/1/0/0,8,8,4,1,0,0,90,35,206,0.2719,0.1057,0.6224,0.4255,0.1204,0.4541
8/8/5/0/0/0,8,8,5,0,0,0,47,42,242,0.142,0.1269,0.7311,0.4064,0.1229,0.4706
9/3/3/2/2/2,9,3,3,2,2,2,219,18,94,0.6616,0.0544,0.284,0.5033,0.1093,0.3874
9/3/3/3/2/1,9,3,3,3,2,1,226,16,89,0.6828,0.0483,0.2689,0.4981,0.1103,0.3917
9/3/3/3/3/0,9,3,3,3,3,0,216,40,75,0.6526,0.1208,0.2266,0.4872,0.1117,0.4011
9/4/2/2/2/2,9,4,2,2,2,2,207,22,102,0.6254,0.0665,0.3082,0.499,0.1098,0.3912
9/4/3/2/2/1,9,4,3,2,2,1,218,18,95,0.6586,0.0544,0.287,0.4938,0.1107,0.3955
9/4/3/3/1/1,9,4,3,3,1,1,216,29,86,0.6526,0.0876,0.2598,0.4886,0.1116,0.3998
9/4/3/3/2/0,9,4,3,3,2,0,215,34,82,0.6495,0.1027,0.2477,0.4829,0.1121,0.405
9/4/4/2/1/1,9,4,4,2,1,1,206,28,97,0.6224,0.0846,0.2931,0.4843,0.112,0.4037
9/4/4/2/2/0,9,4,4,2,2,0,210,34,87,0.6344,0.1027,0.2628,0.4786,0.1125,0.4089
9/4/4/3/1/0,9,4,4,3,1,0,209,27,95,0.6314,0.0816,0.287,0.4734,0.1135,0.4131
9/4/4/4/0/0,9,4,4,4,0,0,174,51,106,0.5257,0.1541,0.3202,0.4582,0.1153,0.4265
9/5/2/2/2/1,9,5,2,2,2,1,200,24,107,0.6042,0.0725,0.3233,0.4856,0.1118,0.4026
9/5/3/2/1/1,9,5,3,2,1,1,200,22,109,0.6042,0.0665,0.3293,0.4804,0.1127,0.4068
9/5/3/2/2/0,9,5,3,2,2,0,205,19,107,0.6193,0.0574,0.3233,0.4747,0.1132,0.4121
9/5/3/3/1/0,9,5,3,3,1,0,192,38,101,0.5801,0.1148,0.3051,0.4695,0.1141,0.4163
9/5/4/1/1/1,9,5,4,1,1,1,179,33,119,0.5408,0.0997,0.3595,0.471,0.114,0.415
9/5/4/2/1/0,9,5,4,2,1,0,176,39,116,0.5317,0.1178,0.3505,0.4653,0.1146,0.4202
9/5/4/3/0/0,9,5,4,3,0,0,161,50,120,0.4864,0.1511,0.3625,0.4543,0.116,0.4297
9/5/5/1/1/0,9,5,5,1,1,0,152,31,148,0.4592,0.0937,0.4471,0.4519,0.1166,0.4315
9/5/5/2/0/0,9,5,5,2,0,0,124,58,149,0.3746,0.1752,0.4502,0.4462,0.1171,0.4367
9/6/2/2/1/1,9,6,2,2,1,1,185,30,116,0.5589,0.0906,0.3505,0.4691,0.1144,0.4165
9/6/2/2/2/0,9,6,2,2,2,0,182,26,123,0.5498,0.0785,0.3716,0.4634,0.1149,0.4217
9/6/3/1/1/1,9,6,3,1,1,1,173,29,129,0.5227,0.0876,0.3897,0.4639,0.1153,0.4208
9/6/3/2/1/0,9,6,3,2,1,0,166,36,129,0.5015,0.1088,0.3897,0.4582,0.1158,0.426
9/6/3/3/0/0,9,6,3,3,0,0,131,61,139,0.3958,0.1843,0.4199,0.4473,0.1172,0.4355
9/6/4/1/1/0,9,6,4,1,1,0,143,26,162,0.432,0.0785,0.4894,0.4487,0.1172,0.4341
9/6/4/2/0/0,9,6,4,2,0,0,110,44,177,0.3323,0.1329,0.5347,0.443,0.1177,0.4393
9/6/5/1/0/0,9,6,5,1,0,0,99,38,194,0.2991,0.1148,0.5861,0.4297,0.1197,0.4507
9/6/6/0/0/0,9,6,6,0,0,0,49,51,231,0.148,0.1541,0.6979,0.4074,0.1228,0.4698
9/7/2/1/1/1,9,7,2,1,1,1,166,20,145,0.5015,0.0604,0.4381,0.45,0.1177,0.4324
9/7/2/2/1/0,9,7,2,2,1,0,153,30,148,0.4622,0.0906,0.4471,0.4443,0.1182,0.4376
9/7/3/1/1/0,9,7,3,1,1,0,135,24,172,0.4079,0.0725,0.5196,0.4391,0.1191,0.4418
9/7/3/2/0/0,9,7,3,2,0,0,107,42,182,0.3233,0.1269,0.5498,0.4334,0.1196,0.447
9/7/4/1/0/0,9,7,4,1,0,0,86,34,211,0.2598,0.1027,0.6375,0.4239,0.1209,0.4552
9/7/5/0/0/0,9,7,5,0,0,0,38,46,247,0.1148,0.139,0.7462,0.4048,0.1234,0.4717
9/8/1/1/1/1,9,8,1,1,1,1,121,51,159,0.3656,0.1541,0.4804,0.4289,0.1213,0.4498
9/8/2/1/1/0,9,8,2,1,1,0,115,30,186,0.3474,0.0906,0.5619,0.4232,0.1218,0.455
9/8/2/2/0/0,9,8,2,2,0,0,89,50,192,0.2689,0.1511,0.5801,0.4175,0.1223,0.4602
9/8/3/1/0/0,9,8,3,1,0,0,80,25,226,0.2417,0.0755,0.6828,0.4123,0.1232,0.4645
9/8/4/0/0/0,9,8,4,0,0,0,34,29,268,0.1027,0.0876,0.8097,0.3971,0.125,0.4778
9/9/1/1/1/0,9,9,1,1,1,0,103,15,213,0.3112,0.0453,0.6435,0.4006,0.1259,0.4736
9/9/2/1/0/0,9,9,2,1,0,0,70,26,235,0.2115,0.0785,0.71,0.3948,0.1264,0.4788
9/9/3/0/0/0,9,9,3,0,0,0,33,21,277,0.0997,0.0634,0.8369,0.3839,0.1278,0.4883
10/3/2/2/2/2,10,3,2,2,2,2,206,5,120,0.6224,0.0151,0.3625,0.4847,0.1126,0.4027
10/3/3/2/2/1,10,3,3,2,2,1,201,18,112,0.6073,0.0544,0.3384,0.4795,0.1135,0.4069
10/3/3/3/1/1,10,3,3,3,1,1,196,26,109,0.5921,0.0785,0.3293,0.4743,0.1145,0.4112
10/3/3/3/2/0,10,3,3,3,2,0,197,25,109,0.5952,0.0755,0.3293,0.4686,0.115,0.4164
10/4/2/2/2/1,10,4,2,2,2,1,192,15,124,0.5801,0.0453,0.3746,0.4752,0.114,0.4108
10/4/3/2/1/1,10,4,3,2,1,1,186,24,121,0.5619,0.0725,0.3656,0.47,0.1149,0.4151
10/4/3/2/2/0,10,4,3,2,2,0,191,26,114,0.577,0.0785,0.3444,0.4643,0.1154,0.4203
10/4/3/3/1/0,10,4,3,3,1,0,185,25,121,0.5589,0.0755,0.3656,0.4591,0.1163,0.4246
10/4/4/1/1/1,10,4,4,1,1,1,169,28,134,0.5106,0.0846,0.4048,0.4606,0.1162,0.4232
10/4/4/2/1/0,10,4,4,2,1,0,167,30,134,0.5045,0.0906,0.4048,0.4549,0.1167,0.4284
10/4/4/3/0/0,10,4,4,3,0,0,147,45,139,0.4441,0.136,0.4199,0.4439,0.1182,0.4379
10/5/2/2/1/1,10,5,2,2,1,1,171,29,131,0.5166,0.0876,0.3958,0.4619,0.116,0.4221
10/5/2/2/2/0,10,5,2,2,2,0,171,24,136,0.5166,0.0725,0.4109,0.4562,0.1165,0.4273
10/5/3/1/1/1,10,5,3,1,1,1,162,27,142,0.4894,0.0816,0.429,0.4567,0.1169,0.4264
10/5/3/2/1/0,10,5,3,2,1,0,156,31,144,0.4713,0.0937,0.435,0.451,0.1174,0.4316
10/5/3/3/0/0,10,5,3,3,0,0,127,53,151,0.3837,0.1601,0.4562,0.4401,0.1188,0.4411
10/5/4/1/1/0,10,5,4,1,1,0,135,25,171,0.4079,0.0755,0.5166,0.4415,0.1187,0.4397
10/5/4/2/0/0,10,5,4,2,0,0,109,44,178,0.3293,0.1329,0.5378,0.4358,0.1193,0.4449
10/5/5/1/0/0,10,5,5,1,0,0,86,44,201,0.2598,0.1329,0.6073,0.4225,0.1213,0.4563
10/6/2/1/1/1,10,6,2,1,1,1,158,20,153,0.4773,0.0604,0.4622,0.4454,0.1186,0.4361
10/6/2/2/1/0,10,6,2,2,1,0,141,32,158,0.426,0.0967,0.4773,0.4397,0.1191,0.4413
10/6/3/1/1/0,10,6,3,1,1,0,124,29,178,0.3746,0.0876,0.5378,0.4345,0.12,0.4455
10/6/3/2/0/0,10,6,3,2,0,0,100,36,195,0.3021,0.1088,0.5891,0.4288,0.1205,0.4507
10/6/4/1/0/0,10,6,4,1,0,0,79,32,220,0.2387,0.0967,0.6647,0.4193,0.1219,0.4589
10/6/5/0/0/0,10,6,5,0,0,0,34,40,257,0.1027,0.1208,0.7764,0.4002,0.1244,0.4754
10/7/1/1/1/1,10,7,1,1,1,1,125,39,167,0.3776,0.1178,0.5045,0.4262,0.1219,0.4519
10/7/2/1/1/0,10,7,2,1,1,0,110,35,186,0.3323,0.1057,0.5619,0.4205,0.1224,0.4571
10/7/2/2/0/0,10,7,2,2,0,0,87,42,202,0.2628,0.1269,0.6103,0.4148,0.1229,0.4623
10/7/3/1/0/0,10,7,3,1,0,0,72,30,229,0.2175,0.0906,0.6918,0.4096,0.1238,0.4666
10/7/4/0/0/0,10,7,4,0,0,0,29,25,277,0.0876,0.0755,0.8369,0.3944,0.1256,0.4799
10/8/1/1/1/0,10,8,1,1,1,0,99,17,215,0.2991,0.0514,0.6495,0.3995,0.126,0.4746
10/8/2/1/0/0,10,8,2,1,0,0,67,23,241,0.2024,0.0695,0.7281,0.3938,0.1265,0.4798
10/8/3/0/0/0,10,8,3,0,0,0,30,19,282,0.0906,0.0574,0.852,0.3828,0.1279,0.4893
10/9/1/1/0/0,10,9,1,1,0,0,56,25,250,0.1692,0.0755,0.7553,0.3711,0.1306,0.4983
10/9/2/0/0/0,10,9,2,0,0,0,27,16,288,0.0816,0.0483,0.8701,0.3654,0.1311,0.5035
10/10/1/0/0/0,10,10,1,0,0,0,23,9,299,0.0695,0.0272,0.9033,0.3416,0.1353,0.5231
11/2/2/2/2/2,11,2,2,2,2,2,196,7,128,0.5921,0.0211,0.3867,0.4652,0.1162,0.4186
11/3/2/2/2/1,11,3,2,2,2,1,178,24,129,0.5378,0.0725,0.3897,0.46,0.1172,0.4229
11/3/3/2/1/1,11,3,3,2,1,1,174,17,140,0.5257,0.0514,0.423,0.4548,0.1181,0.4272
11/3/3/2/2/0,11,3,3,2,2,0,173,27,131,0.5227,0.0816,0.3958,0.4491,0.1186,0.4324
11/3/3/3/1/0,11,3,3,3,1,0,164,26,141,0.4955,0.0785,0.426,0.4439,0.1195,0.4366
11/4/2/2/1/1,11,4,2,2,1,1,160,25,146,0.4834,0.0755,0.4411,0.4505,0.1185,0.431
11/4/2/2/2/0,11,4,2,2,2,0,161,25,145,0.4864,0.0755,0.4381,0.4448,0.119,0.4362
11/4/3/1/1/1,11,4,3,1,1,1,151,26,154,0.4562,0.0785,0.4653,0.4453,0.1194,0.4353
11/4/3/2/1/0,11,4,3,2,1,0,146,33,152,0.4411,0.0997,0.4592,0.4396,0.1199,0.4405
11/4/3/3/0/0,11,4,3,3,0,0,122,45,164,0.3686,0.136,0.4955,0.4287,0.1213,0.45
11/4/4/1/1/0,11,4,4,1,1,0,124,25,182,0.3746,0.0755,0.5498,0.4301,0.1213,0.4486
11/4/4/2/0/0,11,4,4,2,0,0,102,47,182,0.3082,0.142,0.5498,0.4244,0.1218,0.4538
11/5/2/1/1/1,11,5,2,1,1,1,144,22,165,0.435,0.0665,0.4985,0.4371,0.1205,0.4423
11/5/2/2/1/0,11,5,2,2,1,0,134,24,173,0.4048,0.0725,0.5227,0.4314,0.121,0.4475
11/5/3/1/1/0,11,5,3,1,1,0,117,23,191,0.3535,0.0695,0.577,0.4262,0.1219,0.4518
11/5/3/2/0/0,11,5,3,2,0,0,95,36,200,0.287,0.1088,0.6042,0.4205,0.1224,0.457
11/5/4/1/0/0,11,5,4,1,0,0,76,31,224,0.2296,0.0937,0.6767,0.411,0.1238,0.4652
11/5/5/0/0/0,11,5,5,0,0,0,36,28,267,0.1088,0.0846,0.8066,0.392,0.1263,0.4817
11/6/1/1/1/1,11,6,1,1,1,1,120,39,172,0.3625,0.1178,0.5196,0.4206,0.1231,0.4563
11/6/2/1/1/0,11,6,2,1,1,0,99,36,196,0.2991,0.1088,0.5921,0.4149,0.1236,0.4615
11/6/2/2/0/0,11,6,2,2,0,0,81,36,214,0.2447,0.1088,0.6465,0.4092,0.1241,0.4667
11/6/3/1/0/0,11,6,3,1,0,0,67,25,239,0.2024,0.0755,0.7221,0.404,0.125,0.471
11/6/4/0/0/0,11,6,4,0,0,0,28,25,278,0.0846,0.0755,0.8399,0.3888,0.1269,0.4843
11/7/1/1/1/0,11,7,1,1,1,0,89,24,218,0.2689,0.0725,0.6586,0.3958,0.1269,0.4773
11/7/2/1/0/0,11,7,2,1,0,0,64,17,250,0.1934,0.0514,0.7553,0.3901,0.1274,0.4825
11/7/3/0/0/0,11,7,3,0,0,0,27,20,284,0.0816,0.0604,0.858,0.3792,0.1288,0.492
11/8/1/1/0/0,11,8,1,1,0,0,52,23,256,0.1571,0.0695,0.7734,0.369,0.131,0.5
11/8/2/0/0/0,11,8,2,0,0,0,27,16,288,0.0816,0.0483,0.8701,0.3633,0.1315,0.5052
11/9/1/0/0/0,11,9,1,0,0,0,22,14,295,0.0665,0.0423,0.8912,0.3406,0.1356,0.5237
11/10/0/0/0/0,11,10,0,0,0,0,1,17,313,0.003,0.0514,0.9456,0.3112,0.1403,0.5485
12/2/2/2/2/1,12,2,2,2,2,1,158,14,159,0.4773,0.0423,0.4804,0.4397,0.1208,0.4394
12/3/2/2/1/1,12,3,2,2,1,1,150,23,158,0.4532,0.0695,0.4773,0.4345,0.1218,0.4437
12/3/2/2/2/0,12,3,2,2,2,0,154,17,160,0.4653,0.0514,0.4834,0.4288,0.1223,0.4489
12/3/3/1/1/1,12,3,3,1,1,1,137,26,168,0.4139,0.0785,0.5076,0.4293,0.1227,0.448
12/3/3/2/1/0,12,3,3,2,1,0,141,14,176,0.426,0.0423,0.5317,0.4236,0.1232,0.4532
12/3/3/3/0/0,12,3,3,3,0,0,108,38,185,0.3263,0.1148,0.5589,0.4127,0.1246,0.4627
12/4/2/1/1/1,12,4,2,1,1,1,132,20,179,0.3988,0.0604,0.5408,0.4251,0.1231,0.4518
12/4/2/2/1/0,12,4,2,2,1,0,127,19,185,0.3837,0.0574,0.5589,0.4194,0.1236,0.457
12/4/3/1/1/0,12,4,3,1,1,0,110,23,198,0.3323,0.0695,0.5982,0.4141,0.1245,0.4613
12/4/3/2/0/0,12,4,3,2,0,0,92,35,204,0.2779,0.1057,0.6163,0.4084,0.125,0.4665
12/4/4/1/0/0,12,4,4,1,0,0,69,32,230,0.2085,0.0967,0.6949,0.399,0.1264,0.4747
12/5/1/1/1/1,12,5,1,1,1,1,106,42,183,0.3202,0.1269,0.5529,0.4117,0.1251,0.4632
12/5/2/1/1/0,12,5,2,1,1,0,94,29,208,0.284,0.0876,0.6284,0.406,0.1256,0.4684
12/5/2/2/0/0,12,5,2,2,0,0,77,35,219,0.2326,0.1057,0.6616,0.4003,0.1261,0.4736
12/5/3/1/0/0,12,5,3,1,0,0,64,26,241,0.1934,0.0785,0.7281,0.3951,0.1271,0.4778
12/5/4/0/0/0,12,5,4,0,0,0,30,22,279,0.0906,0.0665,0.8429,0.3799,0.1289,0.4912
12/6/1/1/1/0,12,6,1,1,1,0,82,22,227,0.2477,0.0665,0.6858,0.3895,0.1282,0.4823
12/6/2/1/0/0,12,6,2,1,0,0,60,14,257,0.1813,0.0423,0.7764,0.3838,0.1287,0.4875
12/6/3/0/0/0,12,6,3,0,0,0,26,17,288,0.0785,0.0514,0.8701,0.3729,0.1302,0.497
12/7/1/1/0/0,12,7,1,1,0,0,49,18,264,0.148,0.0544,0.7976,0.3646,0.132,0.5034
12/7/2/0/0/0,12,7,2,0,0,0,24,17,290,0.0725,0.0514,0.8761,0.3589,0.1325,0.5086
12/8/1/0/0/0,12,8,1,0,0,0,22,15,294,0.0665,0.0453,0.8882,0.3379,0.1361,0.526
12/9/0/0/0/0,12,9,0,0,0,0,1,13,317,0.003,0.0393,0.9577,0.3095,0.1407,0.5498
13/2/2/2/1/1,13,2,2,2,1,1,133,19,179,0.4018,0.0574,0.5408,0.4137,0.1256,0.4606
13/2/2/2/2/0,13,2,2,2,2,0,137,23,171,0.4139,0.0695,0.5166,0.408,0.1261,0.4658
13/3/2/1/1/1,13,3,2,1,1,1,119,21,191,0.3595,0.0634,0.577,0.4085,0.1266,0.4649
13/3/2/2/1/0,13,3,2,2,1,0,121,13,197,0.3656,0.0393,0.5952,0.4028,0.1271,0.4701
13/3/3/1/1/0,13,3,3,1,1,0,97,26,208,0.2931,0.0785,0.6284,0.3976,0.128,0.4744
13/3/3/2/0/0,13,3,3,2,0,0,83,32,216,0.2508,0.0967,0.6526,0.3919,0.1285,0.4796
13/4/1/1/1/1,13,4,1,1,1,1,97,35,199,0.2931,0.1057,0.6012,0.399,0.1279,0.4731
13/4/2/1/1/0,13,4,2,1,1,0,89,28,214,0.2689,0.0846,0.6465,0.3933,0.1284,0.4783
13/4/2/2/0/0,13,4,2,2,0,0,71,34,226,0.2145,0.1027,0.6828,0.3876,0.1289,0.4835
13/4/3/1/0/0,13,4,3,1,0,0,62,23,246,0.1873,0.0695,0.7432,0.3824,0.1298,0.4877
13/4/4/0/0/0,13,4,4,0,0,0,32,14,285,0.0967,0.0423,0.861,0.3672,0.1317,0.5011
13/5/1/1/1/0,13,5,1,1,1,0,78,16,237,0.2356,0.0483,0.716,0.38,0.1304,0.4896
13/5/2/1/0/0,13,5,2,1,0,0,57,14,260,0.1722,0.0423,0.7855,0.3743,0.1309,0.4948
13/5/3/0/0/0,13,5,3,0,0,0,25,16,290,0.0755,0.0483,0.8761,0.3634,0.1323,0.5043
13/6/1/1/0/0,13,6,1,1,0,0,48,13,270,0.145,0.0393,0.8157,0.3578,0.1335,0.5087
13/6/2/0/0/0,13,6,2,0,0,0,22,15,294,0.0665,0.0453,0.8882,0.352,0.134,0.5139
13/7/1/0/0/0,13,7,1,0,0,0,18,18,295,0.0544,0.0544,0.8912,0.3329,0.1373,0.5298
13/8/0/0/0/0,13,8,0,0,0,0,1,11,319,0.003,0.0332,0.9637,0.3061,0.1414,0.5525
14/2/2/1/1/1,14,2,2,1,1,1,105,21,205,0.3172,0.0634,0.6193,0.3873,0.1304,0.4823
14/2/2/2/1/0,14,2,2,2,1,0,106,13,212,0.3202,0.0393,0.6405,0.3816,0.1309,0.4875
14/3/1/1/1/1,14,3,1,1,1,1,91,23,217,0.2749,0.0695,0.6556,0.3821,0.1313,0.4866
14/3/2/1/1/0,14,3,2,1,1,0,84,28,219,0.2538,0.0846,0.6616,0.3764,0.1318,0.4918
14/3/2/2/0/0,14,3,2,2,0,0,66,34,231,0.1994,0.1027,0.6979,0.3707,0.1323,0.497
14/3/3/1/0/0,14,3,3,1,0,0,55,24,252,0.1662,0.0725,0.7613,0.3655,0.1333,0.5013
14/4/1/1/1/0,14,4,1,1,1,0,73,14,244,0.2205,0.0423,0.7372,0.3669,0.1332,0.4999
14/4/2/1/0/0,14,4,2,1,0,0,52,17,262,0.1571,0.0514,0.7915,0.3612,0.1337,0.5051
14/4/3/0/0/0,14,4,3,0,0,0,25,16,290,0.0755,0.0483,0.8761,0.3503,0.1351,0.5146
14/5/1/1/0/0,14,5,1,1,0,0,46,13,272,0.139,0.0393,0.8218,0.3479,0.1357,0.5164
14/5/2/0/0/0,14,5,2,0,0,0,21,13,297,0.0634,0.0393,0.8973,0.3421,0.1362,0.5217
14/6/1/0/0/0,14,6,1,0,0,0,16,15,300,0.0483,0.0453,0.9063,0.3256,0.1388,0.5356
14/7/0/0/0/0,14,7,0,0,0,0,1,10,320,0.003,0.0302,0.9668,0.3008,0.1426,0.5566
15/2/1/1/1/1,15,2,1,1,1,1,91,7,233,0.2749,0.0211,0.7039,0.3604,0.1354,0.5042
15/2/2/1/1/0,15,2,2,1,1,0,76,23,232,0.2296,0.0695,0.7009,0.3547,0.1359,0.5094
15/2/2/2/0/0,15,2,2,2,0,0,57,27,247,0.1722,0.0816,0.7462,0.349,0.1364,0.5146
15/3/1/1/1/0,15,3,1,1,1,0,67,13,251,0.2024,0.0393,0.7583,0.3495,0.1368,0.5137
15/3/2/1/0/0,15,3,2,1,0,0,47,21,263,0.142,0.0634,0.7946,0.3438,0.1373,0.5189
15/3/3/0/0/0,15,3,3,0,0,0,27,7,297,0.0816,0.0211,0.8973,0.3329,0.1387,0.5284
15/4/1/1/0/0,15,4,1,1,0,0,42,16,273,0.1269,0.0483,0.8248,0.3343,0.1386,0.527
15/4/2/0/0/0,15,4,2,0,0,0,20,12,299,0.0604,0.0363,0.9033,0.3286,0.1391,0.5322
15/5/1/0/0/0,15,5,1,0,0,0,14,14,303,0.0423,0.0423,0.9154,0.3153,0.1412,0.5436
15/6/0/0/0/0,15,6,0,0,0,0,1,10,320,0.003,0.0302,0.9668,0.2931,0.1443,0.5627
16/1/1/1/1/1,16,1,1,1,1,1,88,3,240,0.2659,0.0091,0.7251,0.3333,0.1403,0.5264
16/2/1/1/1/0,16,2,1,1,1,0,58,17,256,0.1752,0.0514,0.7734,0.3276,0.1408,0.5316
16/2/2/1/0/0,16,2,2,1,0,0,39,22,270,0.1178,0.0665,0.8157,0.3219,0.1413,0.5368
16/3/1/1/0/0,16,3,1,1,0,0,37,20,274,0.1118,0.0604,0.8278,0.3167,0.1422,0.541
16/3/2/0/0/0,16,3,2,0,0,0,20,10,301,0.0604,0.0302,0.9094,0.311,0.1427,0.5462
16/4/1/0/0/0,16,4,1,0,0,0,13,12,306,0.0393,0.0363,0.9245,0.3015,0.1441,0.5544
16/5/0/0/0/0,16,5,0,0,0,0,1,10,320,0.003,0.0302,0.9668,0.2825,0.1466,0.5709
17/1/1/1/1/0,17,1,1,1,1,0,57,1,273,0.1722,0.003,0.8248,0.3003,0.1459,0.5539
17/2/1/1/0/0,17,2,1,1,0,0,30,27,274,0.0906,0.0816,0.8278,0.2946,0.1464,0.5591
17/2/2/0/0/0,17,2,2,0,0,0,20,3,308,0.0604,0.0091,0.9305,0.2889,0.1469,0.5643
17/3/1/0/0/0,17,3,1,0,0,0,12,11,308,0.0363,0.0332,0.9305,0.2837,0.1478,0.5686
17/4/0/0/0/0,17,4,0,0,0,0,1,10,320,0.003,0.0302,0.9668,0.2685,0.1496,0.5819
18/1/1/1/0/0,18,1,1,1,0,0,21,28,282,0.0634,0.0846,0.852,0.267,0.1514,0.5816
18/2/1/0/0/0,18,2,1,0,0,0,12,9,310,0.0363,0.0272,0.9366,0.2613,0.1519,0.5868
18/3/0/0/0/0,18,3,0,0,0,0,1,10,320,0.003,0.0302,0.9668,0.2504,0.1533,0.5963
19/1/1/0/0/0,19,1,1,0,0,0,11,1,319,0.0332,0.003,0.9637,0.2336,0.157,0.6093
19/2/0/0/0/0,19,2,0,0,0,0,1,10,320,0.003,0.0302,0.9668,0.2279,0.1575,0.6146
20/1/0/0/0/0,20,1,0,0,0,0,1,10,320,0.003,0.0302,0.9668,0.2002,0.1626,0.6372
21/0/0/0/0/0,21,0,0,0,0,0,0,1,330,0,0.003,0.997,0.1666,0.1683,0.6651
